[
{
  "model": "webapp.project",
  "pk": 1,
  "fields": {
    "name": "Moon Gateway",
    "description": "The Lunar Gateway, officially named the Lunar Orbital Platform \u2013 Gateway (LOP-G), is a project to build a space station in lunar orbit intended to serve as a solar-powered communications hub, science laboratory, short-term habitation module, and holding area for rovers and other robots.",
    "created_at": "2019-10-10T17:51:57.384Z",
    "updated_at": "2019-10-10T17:51:57.384Z",
    "status": "active"
  }
},
{
  "model": "webapp.project",
  "pk": 2,
  "fields": {
    "name": "Starship",
    "description": "The Starship is a fully reusable second stage and space vehicle being privately developed by the private company SpaceX. It is being designed to be a long-duration cargo- and passenger-carrying spacecraft.",
    "created_at": "2019-10-10T17:54:05.502Z",
    "updated_at": "2019-10-11T10:03:37.868Z",
    "status": "active"
  }
},
{
  "model": "webapp.project",
  "pk": 3,
  "fields": {
    "name": "James Webb Telescope",
    "description": "The James Webb Space Telescope (JWST) is a space telescope that is planned to be the successor to the Hubble Space Telescope.The JWST will provide greatly improved resolution and sensitivity over the Hubble, and will enable a broad range of investigations across the fields of astronomy and cosmology, including observing some of the most distant events and objects in the universe, such as the formation of the first galaxies",
    "created_at": "2019-10-10T17:56:26.196Z",
    "updated_at": "2019-10-11T06:38:39.647Z",
    "status": "closed"
  }
},
{
  "model": "webapp.project",
  "pk": 4,
  "fields": {
    "name": "Starlink Sattelite Constellation",
    "description": "Starlink is a satellite constellation development project underway by American company SpaceX, to develop a low-cost, high-performance satellite bus and requisite customer ground transceivers to implement a new space-based Internet communication system.",
    "created_at": "2019-10-10T19:27:09.523Z",
    "updated_at": "2019-10-10T19:27:09.523Z",
    "status": "active"
  }
},
{
  "model": "webapp.project",
  "pk": 6,
  "fields": {
    "name": "Test Project 1",
    "description": "Random text for project 1",
    "created_at": "2019-10-11T09:29:33.418Z",
    "updated_at": "2019-10-11T10:33:08.115Z",
    "status": "closed"
  }
},
{
  "model": "webapp.project",
  "pk": 7,
  "fields": {
    "name": "Test Project 2",
    "description": "Some random text for test project 2. Very interesting text",
    "created_at": "2019-10-11T10:04:30.573Z",
    "updated_at": "2019-10-11T10:04:30.573Z",
    "status": "closed"
  }
},
{
  "model": "webapp.project",
  "pk": 8,
  "fields": {
    "name": "Test Project 3",
    "description": "More random text for test project 3",
    "created_at": "2019-10-11T10:05:48.238Z",
    "updated_at": "2019-10-11T10:05:48.238Z",
    "status": "closed"
  }
},
{
  "model": "webapp.project",
  "pk": 9,
  "fields": {
    "name": "Crew Dragon",
    "description": "Dragon 2 or Crew Dragon is a reusable spacecraft developed and manufactured by U.S. aerospace manufacturer SpaceX, intended as the successor to the Dragon cargo spacecraft. The spacecraft launches atop a Falcon 9 Block 5 rocket and returns via ocean splashdown.",
    "created_at": "2019-10-11T10:37:30.464Z",
    "updated_at": "2019-10-11T10:37:30.465Z",
    "status": "active"
  }
},
{
  "model": "webapp.project",
  "pk": 10,
  "fields": {
    "name": "Tesla Full Autopilot",
    "description": "Tesla Autopilot is an advanced driver-assistance system feature offered by Tesla that has lane centering, adaptive cruise control, self-parking, the ability to automatically change lanes, and the ability to summon the car to and from a garage or parking spot.",
    "created_at": "2019-10-11T10:40:00.514Z",
    "updated_at": "2019-10-11T10:40:00.514Z",
    "status": "active"
  }
},
{
  "model": "webapp.project",
  "pk": 11,
  "fields": {
    "name": "Space Launch System (SLS)",
    "description": "The Space Launch System is a US super heavy-lift expendable launch vehicle, which is under development as of August 2019. It is the primary launch vehicle of NASA's deep space exploration plans, including the planned crewed lunar flights of the Artemis program and a possible follow-on human mission to Mars.",
    "created_at": "2019-10-11T10:43:18.162Z",
    "updated_at": "2019-10-11T10:43:18.163Z",
    "status": "active"
  }
},
{
  "model": "webapp.project",
  "pk": 12,
  "fields": {
    "name": "New Shepard",
    "description": "New Shepard is a vertical-takeoff, vertical-landing, human-rated suborbital rocket that is being developed by Blue Origin as a commercial system for suborbital space tourism.",
    "created_at": "2019-10-11T10:48:09.149Z",
    "updated_at": "2019-10-11T10:48:09.149Z",
    "status": "active"
  }
},
{
  "model": "webapp.status",
  "pk": 1,
  "fields": {
    "status_name": "New"
  }
},
{
  "model": "webapp.status",
  "pk": 2,
  "fields": {
    "status_name": "In Progress"
  }
},
{
  "model": "webapp.status",
  "pk": 3,
  "fields": {
    "status_name": "Done"
  }
},
{
  "model": "webapp.status",
  "pk": 5,
  "fields": {
    "status_name": "Pause"
  }
},
{
  "model": "webapp.type",
  "pk": 1,
  "fields": {
    "type_name": "Task"
  }
},
{
  "model": "webapp.type",
  "pk": 2,
  "fields": {
    "type_name": "Bug"
  }
},
{
  "model": "webapp.type",
  "pk": 3,
  "fields": {
    "type_name": "Enhancement"
  }
},
{
  "model": "auth.user",
  "pk": 1,
  "fields": {
    "password": "pbkdf2_sha256$150000$RWUjjrCZPSn5$tNq2u9rSyWC0s0Rc5nA/W5kNynRZPQGJKCGJbGm04oQ=",
    "last_login": "2019-11-07T09:50:49.944Z",
    "is_superuser": true,
    "username": "mike",
    "first_name": "",
    "last_name": "",
    "email": "",
    "is_staff": true,
    "is_active": true,
    "date_joined": "2019-09-26T18:04:14.905Z",
    "groups": [],
    "user_permissions": []
  }
},
{
  "model": "auth.user",
  "pk": 2,
  "fields": {
    "password": "pbkdf2_sha256$150000$cZFlY8NzFqli$1SmegNvy/1X8dcgW0y+oSdChgfBdm3uMc40viDLStPg=",
    "last_login": "2019-10-29T10:03:43.188Z",
    "is_superuser": false,
    "username": "test1",
    "first_name": "Mike",
    "last_name": "Vishin",
    "email": "mikemike@mail.com",
    "is_staff": false,
    "is_active": true,
    "date_joined": "2019-10-29T10:03:42.433Z",
    "groups": [],
    "user_permissions": []
  }
},
{
  "model": "auth.user",
  "pk": 6,
  "fields": {
    "password": "pbkdf2_sha256$150000$CZ7mP9ivnK71$LqJa2FUDPTX50CtQjVvdHmPmflNKEtYKnpZTxDUX+wc=",
    "last_login": "2019-10-31T11:32:39.818Z",
    "is_superuser": false,
    "username": "John",
    "first_name": "John",
    "last_name": "Travolta",
    "email": "johntravolta@mail.com",
    "is_staff": false,
    "is_active": true,
    "date_joined": "2019-10-31T11:02:07Z",
    "groups": [],
    "user_permissions": []
  }
},
{
  "model": "auth.user",
  "pk": 7,
  "fields": {
    "password": "pbkdf2_sha256$150000$R9UtXgvOIpcN$jKWukAKh7Z1rPRnpccuJiVle/n5BjGoaya882v7jROc=",
    "last_login": "2019-10-31T12:07:21.989Z",
    "is_superuser": false,
    "username": "Jack",
    "first_name": "Jack",
    "last_name": "Black",
    "email": "jackblack@mail.com",
    "is_staff": false,
    "is_active": true,
    "date_joined": "2019-10-31T12:07:21.255Z",
    "groups": [],
    "user_permissions": []
  }
},
{
  "model": "auth.user",
  "pk": 8,
  "fields": {
    "password": "pbkdf2_sha256$150000$yspxEuVy7j8U$Yik+yD9bq5Vk1Noi455AKXLjVhVBo3/fJA5nD3L3wUI=",
    "last_login": "2019-11-07T10:34:00.220Z",
    "is_superuser": false,
    "username": "Elon",
    "first_name": "Elon",
    "last_name": "Mask",
    "email": "elonmusk@mail.com",
    "is_staff": false,
    "is_active": true,
    "date_joined": "2019-10-31T12:07:58.560Z",
    "groups": [],
    "user_permissions": []
  }
},
{
  "model": "auth.user",
  "pk": 9,
  "fields": {
    "password": "pbkdf2_sha256$150000$c1Mt2FS7DWoX$HAaG0fallou6JNDBMe4o5nH57a54UZueS1UzvUA/QMs=",
    "last_login": "2019-11-06T21:21:26.657Z",
    "is_superuser": false,
    "username": "Davy",
    "first_name": "Davy",
    "last_name": "Johns",
    "email": "davyjohns@mail.com",
    "is_staff": false,
    "is_active": true,
    "date_joined": "2019-10-31T12:11:03Z",
    "groups": [],
    "user_permissions": []
  }
},
{
  "model": "auth.user",
  "pk": 10,
  "fields": {
    "password": "pbkdf2_sha256$150000$AUbalB158Uoo$MvbJCenGZJ0ZtEJdLusTpY+VpMh+uOOEky/fAKcatdw=",
    "last_login": "2019-11-04T19:17:15.627Z",
    "is_superuser": false,
    "username": "Mary",
    "first_name": "Mary",
    "last_name": "Jane",
    "email": "maryjane@mail.com",
    "is_staff": false,
    "is_active": true,
    "date_joined": "2019-11-04T19:17:14.837Z",
    "groups": [],
    "user_permissions": []
  }
},
{
  "model": "auth.user",
  "pk": 11,
  "fields": {
    "password": "pbkdf2_sha256$150000$ZIpL9XCE9fFr$B8vH0VcqXjOWDTVUgHIQoeJGpT7vGMlEG7ADwk/ntAY=",
    "last_login": "2019-11-07T09:52:33.463Z",
    "is_superuser": true,
    "username": "admin",
    "first_name": "",
    "last_name": "",
    "email": "",
    "is_staff": true,
    "is_active": true,
    "date_joined": "2019-11-07T09:51:56.044Z",
    "groups": [],
    "user_permissions": []
  }
},
{
  "model": "webapp.team",
  "pk": 1,
  "fields": {
    "project": 1,
    "user": 9,
    "date_started": "2019-11-06T14:30:55.164Z",
    "date_finished": "2019-11-06T14:30:55.164Z"
  }
},
{
  "model": "webapp.team",
  "pk": 2,
  "fields": {
    "project": 2,
    "user": 8,
    "date_started": "2019-11-06T14:32:25.538Z",
    "date_finished": "2019-11-06T14:32:25.538Z"
  }
},
{
  "model": "webapp.team",
  "pk": 3,
  "fields": {
    "project": 3,
    "user": 7,
    "date_started": "2019-11-06T14:32:36.538Z",
    "date_finished": "2019-11-06T14:32:36.538Z"
  }
},
{
  "model": "webapp.team",
  "pk": 4,
  "fields": {
    "project": 4,
    "user": 6,
    "date_started": "2019-11-06T14:33:19.675Z",
    "date_finished": "2019-11-06T14:33:19.675Z"
  }
},
{
  "model": "webapp.team",
  "pk": 5,
  "fields": {
    "project": 4,
    "user": 8,
    "date_started": "2019-11-06T14:33:28.238Z",
    "date_finished": "2019-11-06T14:33:28.238Z"
  }
},
{
  "model": "webapp.team",
  "pk": 6,
  "fields": {
    "project": 9,
    "user": 1,
    "date_started": "2019-11-06T14:33:40.584Z",
    "date_finished": "2019-11-06T14:33:40.584Z"
  }
},
{
  "model": "webapp.team",
  "pk": 7,
  "fields": {
    "project": 9,
    "user": 8,
    "date_started": "2019-11-06T14:33:49.695Z",
    "date_finished": "2019-11-06T14:33:49.695Z"
  }
},
{
  "model": "webapp.team",
  "pk": 8,
  "fields": {
    "project": 10,
    "user": 8,
    "date_started": "2019-11-06T14:34:07.126Z",
    "date_finished": "2019-11-06T14:34:07.126Z"
  }
},
{
  "model": "webapp.team",
  "pk": 9,
  "fields": {
    "project": 11,
    "user": 1,
    "date_started": "2019-11-06T14:34:21.485Z",
    "date_finished": "2019-11-06T14:34:21.485Z"
  }
},
{
  "model": "webapp.team",
  "pk": 10,
  "fields": {
    "project": 6,
    "user": 2,
    "date_started": "2019-11-06T14:34:29.403Z",
    "date_finished": "2019-11-06T14:34:29.403Z"
  }
},
{
  "model": "webapp.team",
  "pk": 11,
  "fields": {
    "project": 7,
    "user": 2,
    "date_started": "2019-11-06T14:34:42.916Z",
    "date_finished": "2019-11-06T14:34:42.916Z"
  }
},
{
  "model": "webapp.team",
  "pk": 12,
  "fields": {
    "project": 8,
    "user": 2,
    "date_started": "2019-11-06T14:34:50.506Z",
    "date_finished": "2019-11-06T14:34:50.506Z"
  }
},
{
  "model": "webapp.team",
  "pk": 13,
  "fields": {
    "project": 12,
    "user": 6,
    "date_started": "2019-11-06T14:35:10.707Z",
    "date_finished": "2019-11-06T14:35:10.707Z"
  }
},
{
  "model": "webapp.issue",
  "pk": 1,
  "fields": {
    "summary": "Solve security issue with the remote storage",
    "description": "The problem here is that when using third-party file sharing services, the data is typically taken outside of the company\u2019s IT environment, and that means that the data\u2019s privacy settings are beyond the control of the enterprise.  The best way to avoid such a risk is by ensuring you\u2019re your provider encrypts your files during storage, as well as transit, within a range of 128 to 256-bit.",
    "status": 1,
    "type": 2,
    "project": null,
    "created_at": "2019-09-27T07:19:07.946Z",
    "created_by": null,
    "assigned_to": null
  }
},
{
  "model": "webapp.issue",
  "pk": 2,
  "fields": {
    "summary": "Find a suitable VPN provider",
    "description": "A VPN (Virtual Private Network) will be a great additional tool for the project that will help protect the privacy and increase the security on the Internet. It basically connects two computers securely and privately on the internet",
    "status": 2,
    "type": 1,
    "project": null,
    "created_at": "2019-09-27T07:22:18.934Z",
    "created_by": null,
    "assigned_to": null
  }
},
{
  "model": "webapp.issue",
  "pk": 3,
  "fields": {
    "summary": "Optimize project's source code",
    "description": "The project may be further optimized so that it becomes a smaller size, consumes less memory, executes more rapidly, or performs fewer input/output operations. This enhancement could improve the overall usability of our program.",
    "status": 3,
    "type": 3,
    "project": 4,
    "created_at": "2019-09-27T07:25:47.873Z",
    "created_by": null,
    "assigned_to": null
  }
},
{
  "model": "webapp.issue",
  "pk": 4,
  "fields": {
    "summary": "Find Investors for future projects",
    "description": "Call the closest university with a strong business or entrepreneurial program. They generally have a strong network of investors and successful entrepreneurs from their faculty, alumni, and guest speakers. Ask them if they might be able to point you in the direction resources.",
    "status": 1,
    "type": 1,
    "project": 2,
    "created_at": "2019-09-27T07:29:40.715Z",
    "created_by": null,
    "assigned_to": null
  }
},
{
  "model": "webapp.issue",
  "pk": 5,
  "fields": {
    "summary": "Resolve printer Issues",
    "description": "Printers are great when they work, but when they don't it can be extremely frustrating and even cause delays to the project. It is necessary to solve a couple of problems, including not printing at all through to blocked nozzles and other issues.",
    "status": 2,
    "type": 1,
    "project": 2,
    "created_at": "2019-09-27T07:33:36.122Z",
    "created_by": null,
    "assigned_to": null
  }
},
{
  "model": "webapp.issue",
  "pk": 6,
  "fields": {
    "summary": "Main website page contains grammatical mistakes",
    "description": "The main website index page has multiple grammatical mistakes that need to be fixed ASAP. This puts a stain on our reputation and presents our company in a bad view.",
    "status": 3,
    "type": 2,
    "project": null,
    "created_at": "2019-09-27T07:36:06.298Z",
    "created_by": null,
    "assigned_to": null
  }
},
{
  "model": "webapp.issue",
  "pk": 7,
  "fields": {
    "summary": "Solve wiring issues",
    "description": "European service module experiences wiring problems including a number of short circuits.",
    "status": 1,
    "type": 2,
    "project": 1,
    "created_at": "2019-10-10T21:07:17.153Z",
    "created_by": null,
    "assigned_to": null
  }
},
{
  "model": "webapp.issue",
  "pk": 8,
  "fields": {
    "summary": "Improve orbital habitat",
    "description": "The habitat requires more living space for astronauts to comfortably stay at the station for long periods of time.",
    "status": 2,
    "type": 3,
    "project": 1,
    "created_at": "2019-10-11T07:26:37.705Z",
    "created_by": null,
    "assigned_to": null
  }
},
{
  "model": "webapp.issue",
  "pk": 9,
  "fields": {
    "summary": "Problem with oxydiser tanks",
    "description": "Oxydiser tank experience anomaly during last testing. Need to investigate.",
    "status": 1,
    "type": 2,
    "project": 1,
    "created_at": "2019-10-11T07:27:17.049Z",
    "created_by": null,
    "assigned_to": null
  }
},
{
  "model": "webapp.issue",
  "pk": 10,
  "fields": {
    "summary": "Test Couplings",
    "description": "New couplings that will be used to connect spaceships to the station need to be tested.",
    "status": 5,
    "type": 1,
    "project": 1,
    "created_at": "2019-10-11T07:27:50.568Z",
    "created_by": null,
    "assigned_to": null
  }
},
{
  "model": "webapp.issue",
  "pk": 11,
  "fields": {
    "summary": "Fix bent mirror",
    "description": "The 5 meter diameter telescope mirror has bin damaged and needs fixing.",
    "status": 1,
    "type": 1,
    "project": 3,
    "created_at": "2019-10-11T10:14:39.309Z",
    "created_by": null,
    "assigned_to": null
  }
},
{
  "model": "webapp.issue",
  "pk": 12,
  "fields": {
    "summary": "Fix propultion",
    "description": "Troubleshoot main telescope engine propulsion system",
    "status": 3,
    "type": 2,
    "project": 3,
    "created_at": "2019-10-11T12:24:33.287Z",
    "created_by": null,
    "assigned_to": null
  }
},
{
  "model": "webapp.issue",
  "pk": 13,
  "fields": {
    "summary": "Design seats for space travel",
    "description": "New generation of space seats need to be comfortable and sustain heavy loads",
    "status": 2,
    "type": 1,
    "project": 9,
    "created_at": "2019-10-11T12:25:34.723Z",
    "created_by": null,
    "assigned_to": null
  }
},
{
  "model": "webapp.issue",
  "pk": 14,
  "fields": {
    "summary": "Find Funding for Rocket",
    "description": "The funding has ran out so the project is in dire need of financing. Write letters to Congress to request new budget.",
    "status": 1,
    "type": 1,
    "project": 11,
    "created_at": "2019-10-11T12:26:44.995Z",
    "created_by": null,
    "assigned_to": null
  }
},
{
  "model": "webapp.issue",
  "pk": 15,
  "fields": {
    "summary": "Develope abort system",
    "description": "Suborbital launch system needs new thrusters in order for the cheppard spacecraft to be ready by December",
    "status": 3,
    "type": 3,
    "project": 12,
    "created_at": "2019-10-11T12:27:54.679Z",
    "created_by": null,
    "assigned_to": null
  }
},
{
  "model": "webapp.issue",
  "pk": 16,
  "fields": {
    "summary": "Find ways to lower cost of tickets",
    "description": "Ticket cost for space flight is expected to be too high. Demand will be low. Search for ways to improve",
    "status": 1,
    "type": 3,
    "project": 12,
    "created_at": "2019-10-11T12:28:49.321Z",
    "created_by": null,
    "assigned_to": null
  }
},
{
  "model": "webapp.issue",
  "pk": 17,
  "fields": {
    "summary": "Troubleshoot new Version",
    "description": "New version of autopilot is buggy and needs further testing. Recall the current update and investigate!",
    "status": 1,
    "type": 2,
    "project": 10,
    "created_at": "2019-10-11T12:30:00.025Z",
    "created_by": null,
    "assigned_to": null
  }
},
{
  "model": "webapp.issue",
  "pk": 18,
  "fields": {
    "summary": "Get new supplier for cameras",
    "description": "Current supplier is no longer reliable. Find new supplier!",
    "status": 3,
    "type": 1,
    "project": 10,
    "created_at": "2019-10-11T12:30:53.371Z",
    "created_by": null,
    "assigned_to": null
  }
},
{
  "model": "webapp.issue",
  "pk": 19,
  "fields": {
    "summary": "Fix gas thrusters",
    "description": "Fix leaking gas thrusters that are very poisonous!",
    "status": 1,
    "type": 2,
    "project": 12,
    "created_at": "2019-11-06T18:18:13.925Z",
    "created_by": null,
    "assigned_to": null
  }
},
{
  "model": "webapp.issue",
  "pk": 21,
  "fields": {
    "summary": "test issue",
    "description": "Text for test issue",
    "status": 1,
    "type": 2,
    "project": 4,
    "created_at": "2019-11-06T20:58:23.301Z",
    "created_by": null,
    "assigned_to": null
  }
},
{
  "model": "webapp.issue",
  "pk": 22,
  "fields": {
    "summary": "test issue",
    "description": "bla bla",
    "status": 1,
    "type": 1,
    "project": 12,
    "created_at": "2019-11-06T21:17:55.530Z",
    "created_by": null,
    "assigned_to": null
  }
},
{
  "model": "webapp.issue",
  "pk": 23,
  "fields": {
    "summary": "Find new pilots",
    "description": "The previous pilots died in a recent crash.",
    "status": 1,
    "type": 1,
    "project": 9,
    "created_at": "2019-11-06T21:24:58.410Z",
    "created_by": null,
    "assigned_to": null
  }
},
{
  "model": "webapp.issue",
  "pk": 24,
  "fields": {
    "summary": "Hot fire test",
    "description": "Preflight testin of the Raptor Engines",
    "status": 2,
    "type": 3,
    "project": 9,
    "created_at": "2019-11-06T21:26:51.614Z",
    "created_by": null,
    "assigned_to": null
  }
},
{
  "model": "webapp.issue",
  "pk": 25,
  "fields": {
    "summary": "Paint the window",
    "description": "Apply new space paint to the windshield",
    "status": 1,
    "type": 3,
    "project": 9,
    "created_at": "2019-11-07T12:25:22.588Z",
    "created_by": 8,
    "assigned_to": 8
  }
}
]
